MAE,MAPE
0.8503572344779968,0.0329
0.8640748262405396,0.0332 
0.860368013381958,0.0333 
0.8631189465522766,0.0334 
0.8644592761993408,0.0336 
0.8439697027206421,0.0325 
0.8543899059295654,0.0327 
0.847061812877655,0.0329 
0.8624337911605835,0.0331 
0.8486799597740173,0.0324
