MAE,MAPE
0.861308753490448,0.0330
0.8754565119743347,0.0339
0.8584664463996887,0.0330
0.8511922955513,0.0327
0.8519967794418335,0.0329
0.8492889404296875,0.0324
0.8411051034927368,0.0324
0.8769302368164062,0.0342
0.8545987010002136,0.0325
0.8718075752258301,0.0337
