MAE,MAPE
0.8520255088806152,0.0331
0.8643149137496948,0.0335
0.8402222990989685,0.0325
0.8324923515319824,0.0321
0.8751320838928223,0.0344
0.8518330454826355,0.0330
0.8402398228645325,0.0324
0.8489473462104797,0.0330
0.8576894402503967,0.0330
0.8453382849693298,0.0326
